,author,year,gender
1,Yingquan Song,2011,M
2,Girijasankar Mallik,2011,M
3,Hays Golden,2011,M
4,Ishani Tewari,2011,F
5,W. Kip Viscusi,2011,M
6,Nlson Camanho,2011,M
7,Pragyan Deb,2011,M
8,Hanno N. Lustig,2011,M
9,Sendhi Mullainathan,2011,M
10,Stuti Khemani,2011,F
11,Godsway Cudjoe,2011,M
12,Iciar Dominguez Lacasa,2011,F
13,R. Vijay Krishna,2011,M
14,Kyungmin Kim,2011,M
15,Gunseli Berik,2011,F
16,LÃ_dia FarrÃ©,2011,F
17,Francesc Ortega,2011,M
18,Junjian Yi,2011,M
19,P.K.G. Harischandra,2011,
20,Narayana Kocherlakota,2011,M
21,Yoshifumi Konishi,2011,M
22,Danling Jiang,2011,F
23,Oguzhan Ozbas,2011,M
24,Zacharias Sautner,2011,M
25,Ngoc-Khanh Tran,2011,M
26,Yingchun Liu,2011,F
27,Ruijue Peng,2011,F
28,Kiat Ying Seah,2011,F
29,Zackary Hawley,2011,M
30,Jarl G. Kallberg,2011,M
31,Luis Felipe CÃ©spedes,2011,M
32,Vinish Kathuria,2011,M
33,Xiangguo Yao,2011,
34,Guoen Liu,2011,M
35,Daifeng He,2011,F
36,Seung-Hyun Hong,2011,M
37,Cahit Guven,2011,M
38,Rukmani Gounder,2011,F
39,M. Majbouri,2011,M
40,Boso Seo,2011,
41,Inhyuck \Steve\ Ha,2011,M
42,Monica Hartmann,2011,F
43,Shaianne T. Osterreich,2011,F
44,Thankom G. Arun,2011,M
45,Atrayee Ghosh Roy,2011,F
46,Zhigang Li,2011,M
47,Le Wang,2011,M
48,Faustine Perrin,2011,F
49,Xinya Zhang,2011,F
50,M. Sieffert,2011,
51,Derekh Cornwell,2011,M
52,Fengwei Liu,2011,
53,Yew-Kwang Ng,2011,M
54,Yunwei Gai,2011,M
55,T. Aldrich Finegan,2011,M
56,L. Randall Wray,2011,M
57,Kosali Simon,2011,F
58,Xiao-yuan Dong,2011,F
59,Nidhiya Menon,2011,M
60,Ranjula Bali Swain,2011,F
61,Jouchi Nakajima,2011,M
62,Stefie Schurer,2011,F
63,Miguel Martinez Lucio,2011,M
64,J. David Brown,2011,M
65,JÃ¶rg Mayer,2011,M
66,Ulf Rinne,2011,M
67,Jesus Taurina,2011,
68,Belton Fleisher,2011,M
69,Suqin Ge,2011,F
70,Kellin Chandler Stanfield,2011,M
71,Yu-Wei Hsieh,2011,M
72,M. Urquiola,2011,M
73,Victor Rios Rull,2011,M
74,Donggyu Sul,2011,M
75,Orley Ashenfelter,2011,M
76,Julia Cage,2011,F
77,Renata Kosova,2011,F
78,Jose Fernandez,2011,M
79,Jialin Yu,2011,M
80,G. Mujtaba Mian,2011,M
81,Jooyeoun Suh,2011,F
82,Keshab Bhattarai,2011,M
83,Mathijs Cosemans,2011,M
84,Xiaoxia Shi,2011,F
85,Kyoungwon Seo,2011,M
86,Xiangmin (Helen) Liu,2011,F
87,Semoon Chang,2011,M
88,LÃ©once Ndikumana,2011,M
89,Gyun Cheol Gu,2011,
90,Ta-Chen Wang,2011,M
91,Johanna Francis,2011,F
92,Yongzheng Liu,2011,M
93,Leonard Waverman,2011,M
94,Mariassunta Giannetti,2011,F
95,Gharad Bryan,2011,M
96,In Gu Khang,2011,
97,Kalena E. Cortes,2011,F
98,Iuliana Pascu,2011,F
99,Adlar J. Kim,2011,M
100,Narasimhan Jegadeesh,2011,M
101,Jorg Rocholl,2011,M
102,Xiaozu Wang,2011,M
103,W. Robert Brazelton,2011,M
104,Sevinc Rede,2011,
105,Myeong-Su Yun,2011,M
106,Saibal Kar,2011,M
107,Xiaoshu Xu,2011,F
108,Lixin Ye,2011,M
109,Stephan Lauermann,2011,M
110,Jaap H. Abbring,2011,M
111,Bartholomew Moore,2011,M
112,Jose Signoret,2011,M
113,University of Massachusetts-Amherst,2011,
114,Udoma Afanghide,2011,
115,Ivan Ariel de Jesus,2011,M
116,Simon Gervais,2011,M
117,Ayca Ozdogan,2011,F
118,Nisvan Erkal,2011,F
119,Xiaozheng Wang,2011,
120,Ayelen Banegas,2011,F
121,Matias Braun,2011,M
122,Debraj Ray,2011,M
123,Jin-Huei Yeh,2011,M
124,Ruey S. Tsay,2011,M
125,Radhakrishnan Gopalan,2011,M
126,Kazuto Sumita,2011,M
127,M. Shahid Ebrahim,2011,M
128,Hartmut Lehmann,2011,M
129,Anne-Gael Vaubourg,2011,F
130,J. Scott Holladay,2011,M
131,Hsien-Ming Lien,2011,M
132,Heski Bar-Isaac,2011,M
133,Viegi Nicola,2011,M
134,F. Andrew Hanssen,2011,M
135,Hwan-sik Choi,2011,M
136,Lorens Helmchen,2011,M
137,N. Meltem Daysal,2011,F
138,Chander K Velu,2011,M
139,Jose Anchorena,2011,M
140,Hong Liu,2011,M
141,Jose Fillat,2011,M
142,Sheharyar Bokhari,2011,M
143,Hein Bogaard,2011,M
144,Antoon Spithoven,2011,M
145,Tomoki Fujii,2011,M
146,Murillo Campello,2011,M
147,Rodney Green,2011,M
148,Shakun Datta,2011,F
149,Kalena Cortes,2011,F
150,Climent Quintana-Domeque,2011,M
151,Jaanika MerikÃ_ll,2011,F
152,Simen Markussen,2011,M
153,Ambrus Kecskes,2011,M
154,Jarko Fidrmuc,2011,M
155,Iikka Korhonen,2011,M
156,Jesus Ferreiro,2011,M
157,Ke-Li Xu,2011,M
158,Taoufik Bouezmarni,2011,M
159,Haiping Zhang,2011,M
160,Tae-Hee Jo,2011,M
161,Luis Orea,2012,M
162,Nidhiya Menon,2012,F
163,AngGang Hu,2012,M
164,Kerk L. Phillips,2012,M
165,Ake Blomqvist,2012,M
166,Kosali Simon,2012,F
167,Seonghoon Cho,2012,M
168,Wiola Dziuda,2012,F
169,Batchimeg Sambalaibat,2012,F
170,Chuan-Yang Hwang,2012,M
171,Krishnamoorthy Narasimhan,2012,M
172,Allaudeen Hameed,2012,M
173,Worrawat Sritrakul,2012,
174,Carsten Sprenger,2012,M
175,Iikka Korhonen,2012,M
176,Jinqiang Yang,2012,M
177,"Morehouse College, Atlanta",2012,
178,Xiaowen Fu,2012,M
179,Hayri Onal,2012,M
180,Niven Winchester,2012,M
181,Aaditya Mattoo,2012,M
182,Yoonbai Kim,2012,M
183,Olivia Mitchell,2012,F
184,Yian Liu,2012,
185,C.F. Sirmans,2012,M
186,Rudai Yang,2012,M
187,Qingyuan Du,2012,M
188,Carsten Burhop,2012,M
189,Kyoo il Kim,2012,M
190,Zaifu Yang,2012,M
191,Yu-Chin Hsu,2012,M
192,Miguel A. Delgado,2012,M
193,Yoonseok Lee,2012,M
194,Theofanis Tsoulouhas,2012,M
195,Tazewell V. Hurst III,2012,M
196,Baoline Chen,2012,F
197,Xingwang Qian,2012,M
198,Haibo Xu,2012,M
199,Loriano Mancini,2012,M
200,Pierre-AndrÃ© Chiappori,2012,M
201,Fuhito Kojima,2012,M
202,Po-Hsuan Hsu,2012,M
203,Dongmei Li,2012,F
204,Z. Nuray Guner,2012,F
205,Coady Wing,2012,M
206,Ginka Borisova,2012,F
207,Leng Lee,2012,M
208,Le Wang,2012,M
209,Krislert Samphantharak,2012,M
210,Hongjun Yan,2012,M
211,Jinfan Zhang,2012,M
212,Heski Bar-Isaac,2012,M
213,Koshi Endo,2012,
214,Subei Li,2012,
215,Chengo Hu,2012,
216,Xiaokai Li,2012,
217,Minqi Li,2012,M
218,Ingvild AlmÃ¥s,2012,F
219,Sanders Chang,2012,M
220,SÃ_nia Torres,2012,F
221,Aico van Vuuren,2012,M
222,Leonard Mirman,2012,M
223,Lucjan T. Orlowski,2012,M
224,Toralf Pusch,2012,M
225,Erdogan Bakir,2012,M
226,Marinko Skare,2012,M
227,Mingwei Liu,2012,M
228,Leonce Ndikumana,2012,M
229,Juan-Pablo Nicolini,2012,M
230,Eeshani Kandpal,2012,F
231,Samuli KnÃ_pfer,2012,M
232,Merih Sevilir,2012,F
233,Swarn Chatterjee,2012,M
234,Jose Martinez,2012,M
235,Luosha Du,2012,F
236,Shayak Sarkar,2012,M
237,Madanmohan Ghosh,2012,M
238,Austan D. Goolsbee,2012,M
239,Shakeeb Khan,2012,M
240,Fida Karam,2012,F
241,Tomas Sjostrom,2012,M
242,Mehrene Larudee,2012,F
243,Sanjukta Roy,2012,F
244,B. P. Chandramohan,2012,M
245,Jay-Pil Choi,2012,M
246,Seonghoon Jeon,2012,M
247,Taeyoon Sung,2012,M
248,A. J. Malliaris,2012,M
249,LÃ©once Ndikumana,2012,M
250,Harounan Kazianga,2012,M
251,Shizuka Nishikawa,2012,F
252,Satyajit Ghosh,2012,M
253,Areerat Kichkha,2012,F
254,Carsten Lange,2012,M
255,Fahlino Sjuib,2012,M
256,Refet S Gurkaynak,2012,M
257,Archawa Paweenawat,2012,M
258,Amiyatosh K. Purnanandam,2012,M
259,Fenghua Song,2012,M
260,Thi Minh-Phuong Ngo,2012,F
261,Seiro Ito,2012,M
262,J. Barkley Rosser,2012,M
263,Menzie Chinn,2012,M
264,Rodney J. Garratt,2012,M
265,Benamar Abdelhak,2012,M
266,Kaustav Misra,2012,M
267,Tin-Chun Lin,2012,M
268,LaVaughn M. Henry,2012,M
269,V. Kerry Smith,2012,M
270,Yangbo Du,2012,M
271,Cuong Nguyen,2012,
272,Tatsuyoshi Matsumae,2012,M
273,Ryoichi Namba,2012,M
274,Yulei Luo,2012,M
275,Jorg Rocholl,2012,M
276,Neeltje van Horen,2012,F
277,Renata Heilman,2012,F
278,Konan Chan,2012,M
279,Qinghai Wang,2012,M
280,Denitsa Stefanova,2012,F
281,Jiro Yoshida,2012,M
282,Marieme Lo,2012,F
283,Junghyung Park,2012,F
284,Mariassunta Giannetti,2012,F
285,Hyun-Sook Kim,2012,F
286,Pengjie Gao,2012,M
287,Jiekun Huang,2012,M
288,Helge Peukert,2012,M
289,Diana L. Strassmann,2012,F
290,Svenn Jensen,2012,M
291,Muhamet Yildiz,2012,M
292,Lieu Hazelwood,2012,
293,U. Udo Umoh,2012,
294,Rongning Wu,2012,M
295,Rocardo Correa,2012,M
296,Fenella Carpena,2012,F
297,Se-Jik Kim,2012,M
298,Arnildo Correa,2012,M
299,Tugkan Tuzun,2012,M
300,Josheph Gyourko,2012,M
301,WenLan Qian,2012,F
302,Ciriyam Jayaprakash,2012,M
303,Xiangping Liu,2012,
304,Quoc-Anh Do,2012,M
305,Aureo de Paula,2012,M
306,HuiHua Nie,2012,M
307,Ainhoa Urtasum,2012,F
308,R. Glenn Hubbard,2012,M
309,Codrina Rada Von Arnim,2012,F
310,J.M. Ian Salas,2013,M
311,J. Peter Neary,2013,M
312,Vijayendra Rao,2013,M
313,M Dolores Collado,2013,F
314,Veronica Rappoport,2013,F
315,Markku Kaustia,2013,M
316,H. Shawn Mobbs,2013,M
317,Anzelika Zaiceva,2013,F
318,Aloisio Pessoa Araujo,2013,M
319,Shuyang Sheng,2013,F
320,Simon Board,2013,M
321,Edeltraud Hanappi-Egger,2013,F
322,Sanjukta Chaudhuri,2013,M
323,J. Adam Cobb,2013,M
324,Jaeseung Kim,2013,M
325,Leonard Greenhalgh,2013,M
326,Jiawen Yang,2013,M
327,Deepankar Basu,2013,M
328,Xinshen Diao,2013,F
329,Nazaire Houssou,2013,M
330,Futoshi Yamauchi,2013,M
331,Keirjiro Otsuka,2013,M
332,Yaohui Zhao,2013,F
333,Tae-hwan Rhee,2013,M
334,E. Ray Dorsey,2013,M
335,Jose Faias,2013,M
336,Tore Leite,2013,M
337,Avanidhar Subrahmanyam,2013,M
338,Qianqiu Liu,2013,M
339,J. Bradley Karl,2013,M
340,J. David Cummins,2013,M
341,Tzuting Lin,2013,F
342,Erivelthon Santos,2013,
343,Qiming Wang,2013,M
344,Kose John,2013,M
345,Tuan-Hwee Sng,2013,M
346,Syngjoo Choi,2013,M
347,Hilde C. Bjornland,2013,F
348,Sheheryar Banuri,2013,M
349,Anusua Datta,2013,F
350,Kosali Simon,2013,F
351,Zhongyi Wang,2013,F
352,Ariun Ishdorj,2013,F
353,Biplab Ghosh,2013,M
354,Wu-kuang Cun,2013,M
355,Sucharita Sinha Mukherjee,2013,F
356,Myeong-Su Yun,2013,M
357,Sharun Mukand,2013,M
358,Mufaddal Baxamusa,2013,M
359,Kiat Ying Seah,2013,F
360,Neeltje van Horen,2013,F
361,Wenyi Shen,2013,F
362,Victor Aguirregabiria,2013,M
363,Luis Castro,2013,M
364,Matteusz Filipski,2013,M
365,Guiying (Laura) Wu,2013,F
366,Peichu Xie,2013,M
367,Liugang Sheng,2013,M
368,Yongmin Chen,2013,M
369,Thesia I. Garner,2013,F
370,Ozkan Eren,2013,M
371,Madhuparna Kolay,2013,F
372,Pengcheng Wan,2013,
373,Fangming Xu,2013,M
374,Huainan Zhao,2013,M
375,Zackary Hawley,2013,M
376,Xiaohu Wang,2013,M
377,Juanjuan Zhang,2013,F
378,Fuhai Hong,2013,M
379,Ã–zgÃ_r Orhangazi,2013,M
380,Luis Rubalcava,2013,M
381,Gharad Bryan,2013,M
382,Mevlude Akbulut-Yuksel,2013,F
383,Luis Araujo,2013,M
384,Quoc Nguyen,2013,M
385,Sugata Ray,2013,M
386,Jing-Zhi Jay Huang,2013,M
387,Xudong An,2013,M
388,Yongheng Deng,2013,M
389,Ludger Schuknecht,2013,M
390,Ansgar Belke,2013,M
391,Xiumin Martin,2013,F
392,Simon Burke,2013,M
393,Simon Peter Anderson,2013,M
394,Jidong Zhou,2013,M
395,Hyungsik Roger Moon,2013,M
396,AyÅŸegÅ±l Å_ahÑ–n,2013,
397,Rolland Zullo,2013,M
398,Simon Mohun,2013,M
399,Sushanta Mallick,2013,M
400,Misuru Igami,2013,M
401,University of Ottawa,2013,
402,Lucjan Orlowski,2013,M
403,Banque de France,2013,
404,M. Kate Bundorf,2013,F
405,Patricia Yanez-Pagans,2013,F
406,Birte Snilstveit,2013,F
407,Shailender Swaminathan,2013,M
408,Ruben Hernandez-Murillo,2013,M
409,Qiuqiong Huang,2013,F
410,Julia K. Thomas,2013,F
411,Minchung Hsu,2013,M
412,Takatoshi Tabuchi,2013,M
413,J. Ryan Lamare,2013,M
414,Shawkat Hammoudeh,2013,M
415,Mwangi wa Githinji,2013,M
416,Wen-Tai Hsu,2013,M
417,Erdogan Bakir,2013,M
418,Soohyung Lee,2013,F
419,Daiji Kawaguchi,2013,M
420,Mathijs van der Loos,2013,M
421,Selver Derya Uysal,2013,F
422,Maik Schmeling,2013,M
423,Brigham Russell Frandsen,2013,M
424,Renos Vakis,2013,M
425,Subha Mani,2013,F
426,Ngo Van Long,2013,M
427,Seppo Ikaheimo,2013,M
428,Yingcong Lan,2013,F
429,Wen-Chi Liao,2013,M
430,Frantisek Ricka,2013,
431,Jianjun Li,2013,M
432,Hatthachan Phimphanthavong,2013,M
433,African Capacity Building Foundation,2013,
434,Deokwoo Nam,2013,M
435,Taeree Wang,2013,F
436,V. Joseph Hotz,2013,M
437,Swasti Gupta-Mukherjee,2013,F
438,Haitao Li,2013,M
439,Bertille Antoine,2013,F
440,Taekyoon Lim,2013,M
441,Haiqiang Chen,2013,M
442,Yongmiao Hong,2013,M
443,Bhaskaran Swaminathan,2013,M
444,Yeon-Koo Che,2013,M
445,Rajashri Chakrabarti,2013,F
446,Stephan Dieckmann,2013,M
447,Yanchun Zhang,2013,M
448,F. Gregory Hayden,2013,M
449,Nurhaizal Azam bin Arif,2013,
450,Masaharu Kuhara,2013,M
451,Hanzhe Zhang,2014,M
452,Heinrich Ursprung,2014,M
453,Juanna Joensen,2014,F
454,Oscar A. Mitnik,2014,M
455,Zohal Hessami,2014,F
456,Casidhe Horan,2014,F
457,Sermin Gungor,2014,F
458,Zohreh Emami,2014,F
459,PÃ_r Holmberg,2014,M
460,Che-Lin Su,2014,M
461,Ayse Ozgur Pehlivan,2014,F
462,Eiichiro Kazumori,2014,M
463,Ã–zgÃ_r Orhangazi,2014,M
464,Rajen Mookerjee,2014,M
465,Jan-Emmanuel De Neve,2014,M
466,Liangfei Qiu,2014,M
467,Y. Peter Chung,2014,M
468,Kadiri Karamon,2014,
469,Sewin Chan,2014,F
470,Weizheng Xiao,2014,
471,Berhanu Nega,2014,M
472,Dae-Wook Kim,2014,
473,Xingwang Qian,2014,M
474,ShangJin Wei,2014,M
475,J. Daniel Hammond,2014,M
476,Oregon Health Study Group,2014,
477,Kosali Simon,2014,F
478,Hyeon-Kyeong Kim,2014,
479,M.A. Keyser,2014,M
480,Bjorn Gustafsson,2014,M
481,Brendan Livingston,2014,M
482,Coady Wing,2014,M
483,Patricia Andreski,2014,
484,Brandice Canes-Wrone,2014,F
485,Raul Sampognaro,2014,M
486,Agnes Quisumbing,2014,F
487,Jinnat Ara,2014,F
488,Denitsa Stefanova,2014,F
489,Ioanid Rosu,2014,M
490,Yongheng Deng,2014,M
491,Basab Dasgupta,2014,M
492,Santanu Mitra,2014,M
493,Ananta Neelim,2014,M
494,Svenn Jensen,2014,M
495,Gernot Wagner,2014,M
496,Julapa Jagtiani,2014,F
497,Saktinil Roy,2014,M
498,Zhanhui Chen,2014,M
499,Haitao Li,2014,M
500,V. Joseph Hotz,2014,M
501,Shoya Ishimaru,2014,M
502,Sjoerd Van Bekkum,2014,M
503,Yoto Yotov,2014,M
504,Myeong-Su Yun,2014,M
505,Ruedi Epple,2014,M
506,Chaithanya Bandi,2014,M
507,Songman Kang,2014,M
508,Shahe Emran,2014,M
509,Asadul Islam,2014,M
510,Bilesha Weeraratne,2014,F
511,B. Espen Eckbo,2014,M
512,Omrane Guedhami,2014,M
513,Neeltje van Horen,2014,F
514,Jaap Bos,2014,M
515,V. Brian Viard,2014,M
516,Floris Heukelom,2014,M
517,Jean-Edouard Colliard,2014,M
518,Hail Park,2014,M
519,Julia R. Henly,2014,F
520,Dr. Byron Y. Lee,2014,M
521,Rana Hendy,2014,F
522,Mwangi wa Githinji,2014,M
523,Imen Kouki,2014,F
524,Juhani Linnainmaa,2014,M
525,Huasheng Gao,2014,M
526,Bige Kahraman,2014,F
527,W. Scott Frame,2014,M
528,Hong Lee,2014,M
529,Rojhat Avsar,2014,M
530,RenÃ© Reich-Graefe,2014,M
531,Nabamita Dutta,2014,F
532,Nicolas Querou,2014,M
533,Adrian Lopes,2014,M
534,Oscar Valencia,2014,M
535,Jaap Abbring,2014,M
536,Kai-Uwe Kuhn,2014,M
537,Sunghyun Henry Kim,2014,M
538,FranÃ§ois-Xavier Devetter,2014,M
539,Wassim Shahin,2014,M
540,G. Gulsun Akin,2014,F
541,Signe-Mary McKernan,2014,F
542,Thesia Garner,2014,F
543,Jesus Felipe,2014,M
544,Kellin Stanfield,2014,M
545,Yu-Hsi Liu,2014,F
546,Fuhito Kojima,2014,M
547,Pingfan Hong,2014,M
548,Denrick Bayot,2014,M
549,Patricia Navarro-Palau,2014,F
550,Patricia Funk,2014,F
551,Jiaping Qiu,2014,M
552,Seung-Hyun Hong,2014,M
553,Balasz Egert,2014,M
554,A. Abigail Payne,2014,F
555,MarÃ_a P. Recalde,2014,F
556,Y. Stephen Chiu,2014,M
557,Geoffroy de Clippel,2014,M
558,J. David Lopez-Salido,2014,M
559,Nantiya Ruan,2014,F
560,Khusrav Gaibulloev,2014,M
561,Wenhua Di,2014,F
562,Mehrene Larudee,2014,F
563,Mallesh Pai,2014,M
564,Huigang Chen,2014,M
565,Bakhrom Mirkasimov,2014,M
566,Chengxi Yin,2014,M
567,K. Janean Westby-Gibson,2014,
568,Ming-jen Lin,2014,M
569,Lanse Minkler,2014,M
570,J. Scott Holladay,2014,M
571,Muhamet Yildiz,2014,M
572,Amartya Lahiri,2014,M
573,Tymofiy Mylovanov,2014,M
574,Ayca Kaya,2014,F
575,Julia A. Cottle,2014,F
576,Vojtech Bartos,2014,M
577,Horag Choi,2014,M
578,Tanjim Hossain,2014,M
579,Markku Kaustia,2014,M
580,Heikki Rantakari,2014,M
581,C. Lockwood Reynolds,2014,M
582,Loretti Isabella Dobrescu,2014,F
583,Brandynn Holgate,2014,F
584,Ariaster Chimeli,2014,M
585,Johanna Wallenius,2014,F
586,Che-Yuan Liang,2014,M
587,Nadini Gupta,2014,F
588,Tabea Bucher-Koenen,2014,F
589,Loriano Mancini,2014,M
590,Yingzi Zhu,2014,F
591,Guozhong Zhu,2014,M
592,Suqin Ge,2014,F
593,Afolabi M. Mojirayo,2014,
594,Karryl Mae Ngina,2014,F
595,Malokele Nanivazo,2015,F
596,Mackensie Bluedorn,2015,F
597,Xiaoxue Du,2015,F
598,Gilat Levy,2015,F
599,Luis Felipe Cespedes,2015,M
600,Lant Pritchett,2015,M
601,Daifeng He,2015,F
602,Fousseni Chabi-Yo,2015,M
603,Ctirad Slavik,2015,M
604,Maria-Teresa Marchica,2015,F
605,Wenyu Wang,2015,M
606,Donghua Chen,2015,M
607,Kustrim Reka,2015,M
608,Florens Flues,2015,M
609,Yen-Cheng Chang,2015,M
610,Na Wang,2015,F
611,Xianhua Peng,2015,M
612,Kosali Simon,2015,F
613,Rodney Garratt,2015,M
614,Ruchira Sen,2015,F
615,Victor Zhorin,2015,M
616,Asuman Ozdaglar,2015,F
617,Dan-Olof Rooth,2015,M
618,Quoc-Anh Do,2015,M
619,Shiyang Huang,2015,M
620,Raimond Maurer,2015,M
621,Tae-Hee Jo,2015,M
622,Xingwang Qian,2015,M
623,Yannay Spitzer,2015,M
624,Jean-Stephane Mesonnier,2015,M
625,Jacobus Cilliers,2015,M
626,Malathy Duraisamy,2015,F
627,Mthuli Ncube,2015,M
628,Thouraya Triki,2015,F
629,Stergios Skaperdas,2015,M
630,Ivan Kandilov,2015,M
631,Satyanarain Rengarajan,2015,M
632,Rajashri Chakrabarti,2015,F
633,Myuang Zhang,2015,
634,JosÃ© M. Edwards,2015,M
635,Carsten Herrmann-Pillath,2015,M
636,E. Frank Stephenson,2015,M
637,Hosung Jung,2015,
638,Linxiang Ye,2015,M
639,Liqiu Zhao,2015,M
640,S. \Vish\ Viswanathan,2015,M
641,Maik Schmeling,2015,M
642,Lubomir Petrasek,2015,M
643,Tingyu Zhou,2015,F
644,Hong Ma,2015,M
645,Chong-En Bai,2015,M
646,Merijn Knibbe,2015,M
647,Paramita Sinha,2015,F
648,Xiaohan Ma,2015,M
649,M. Clement Joubert,2015,M
650,Anqi Li,2015,F
651,Cars H. Hommes,2015,M
652,Shin-Yi Chou,2015,F
653,Shailender Swaminathan,2015,M
654,JÃ_n Steinsson,2015,M
655,Ã–zgÃ_r Orhangazi,2015,M
656,Tanadej Vechsuruck,2015,M
657,Rudai Yang,2015,M
658,J. Michael Collins,2015,M
659,Sangsuk Yoon,2015,M
660,Xiaoyu Tian,2015,F
661,Ines Buono,2015,F
662,Roope Uusitalo,2015,M
663,Jennjou Chen,2015,M
664,Radhakrishnan Gopalan,2015,M
665,Azizjon Alimov,2015,M
666,Xuanjuan Chen,2015,F
667,Xisong Jin,2015,
668,Zhenyu Gao,2015,M
669,Y. Jane Zhang,2015,M
670,Stale Navrud,2015,M
671,Morley Gunderson,2015,M
672,Xinxin Ma,2015,F
673,Francesc Dilme,2015,M
674,Chahir Zaki,2015,M
675,Kari Heerman,2015,F
676,Gopinath Munisamy,2015,M
677,Andres Vargas,2015,M
678,Berardino Palazzo,2015,M
679,Bhaskaran Swaminathan,2015,M
680,Chishen Wei,2015,M
681,Dexin Zhou,2015,M
682,Jayati Sarkar,2015,F
683,Been-Lon Chen,2015,M
684,Siu-Kai Choy,2015,M
685,Nicolas Alexandre Klein,2015,M
686,Yingni Guo,2015,F
687,Cavit Pakel,2015,M
688,Tuan-Hwee Sng,2015,M
689,JosÃ© Lopez,2015,M
690,Kebin Ma,2015,M
691,In-Uck Park,2015,M
692,Maharouf Oyolola,2015,M
693,Stephan Gohmann,2015,M
694,Yueming Qiu,2015,F
695,Doh-Shin Jeon,2015,M
696,Shimeles Abebe,2015,M
697,Cesar Revoredo-Giha,2015,M
698,Jerry Hausman,2015,M
699,Andres Aradillas-Lopez,2015,M
700,Janneke Ratcliffe,2015,F
701,Kellin Chandler Stanfield,2015,M
702,S. Katie Moon,2015,F
703,Neophytos Lambertides,2015,M
704,Yanqun Zhang,2015,F
705,Hwan-sik Choi,2015,M
706,Julia Thomas,2015,F
707,Taisuke Nakata,2015,M
708,Tumer Kapan,2015,M
709,Natarajan Balasubramanian,2015,M
710,Yorghos Tripodis,2015,M
711,Vulcan Productions and Cinelan Films,2015,
712,Shaghil Ahmed,2015,M
713,Brahima Coulibaly,2015,M
714,Huigang Chen,2015,M
715,Yuxi Jia,2015,F
716,Asam Chaudhry,2015,M
717,Seraphima Rombe-Shulman,2015,
718,Ahsanuzzaman Ahsanuzzaman,2015,M
719,Latchezar Popov,2015,M
720,P. Sai-wing Ho,2015,M
721,Jose Caraballo,2015,M
722,Erdogan Bakir,2015,M
723,Patricia Dechow,2015,M
724,Seungjoon Oh,2015,M
725,Dongyan Ye,2015,M
726,Hidemichi Fujii,2015,M
727,Lucjan T. Orlowski,2015,M
728,Berhanu Nega,2015,M
729,Bernando Guimaraes,2015,M
730,Xiao-Yuan Dong,2015,F
731,JaeBin Ahn,2015,M
732,Jose Pellerano,2015,M
733,Huichou Huang,2015,
734,Harounan Kazianga,2015,M
735,Binzhen Wu,2015,F
736,Simen Markussen,2015,M
737,Xiaohui Gao,2015,F
738,Nickolay Gantchev,2015,M
739,Antoon Spithoven,2015,M
740,Jiaxiu He,2015,M
741,Lingwei Wu,2016,F
742,Simon HeÃŸ,2016,M
743,Delavane Diaz,2016,F
744,Hong Ru,2016,M
745,Murillo Campello,2016,M
746,Shihe Fu,2016,M
747,Ahiteme N. Houndonougbo,2016,M
748,F. Gregory Hayden,2016,M
749,Charalampos Konstantinidis,2016,M
750,Leonce Ndikumana,2016,M
751,Yongjie Ji,2016,M
752,Joaquin L. Vespignani,2016,M
753,Sushanta Mallick,2016,M
754,SebastiÃ¡n Oleas,2016,M
755,Simon Wiederhold,2016,M
756,Simon Janssen,2016,M
757,Leilanie Basilio,2016,F
758,Ainhoa Aparicio Fenoll,2016,F
759,Jedrzej Bialkowski,2016,M
760,Hongjun Yan,2016,M
761,Ettore Croci,2016,M
762,Bjorn Imbierowicz,2016,M
763,Jerry Cao,2016,M
764,Tiecheng Leng,2016,M
765,Chintal Desai,2016,M
766,Yingchuan Liu,2016,F
767,Aureo de Paula,2016,M
768,S. Anukriti,2016,F
769,Odd-Helge Fjeldstad,2016,M
770,Syngjoo Choi,2016,M
771,Vilsa Curto,2016,F
772,Ekkehard A. KÃ¶hler,2016,M
773,T. William Lester,2016,M
774,Haimanti Bhattacharya,2016,F
775,Irineu de Carvalho Filho,2016,M
776,Denvil Duncan,2016,M
777,Nikolaj Arpe Harmon,2016,M
778,Jose Miguel Abito,2016,M
779,Daifeng He,2016,F
780,Xinding Yu,2016,
781,Kunfu Zhu,2016,M
782,Kuo Zhang,2016,M
783,Zhongwei Huang,2016,M
784,Nicolas Bollen,2016,M
785,Lingxiao Li,2016,F
786,Tsur Somerville,2016,F
787,Atonu Rabbani,2016,M
788,Novica Supic,2016,M
789,Vanitha Ragunathan,2016,F
790,Wolter Hassink,2016,M
791,JosÃ© Caraballo,2016,M
792,Gayaneh Kyureghian,2016,F
793,Huigang Chen,2016,M
794,Mahvash S. Qureshi,2016,F
795,Naci Mocan,2016,M
796,Yiseon Yoo,2016,F
797,Hong kee Sul,2016,M
798,Aleksejs Krecetovs,2016,M
799,Wenxi Jiang,2016,M
800,Kuncheng (K.C.) Zheng,2016,M
801,Talis Putnins,2016,M
802,Xuguang (Simon) Sheng,2016,M
803,Aggey Semenov,2016,M
804,Tanakorn Makaew,2016,M
805,Johanna Schauer,2016,F
806,FrÃ©dÃ©ric Lauzon Duguay,2016,M
807,Mengjie Lu,2016,F
808,Satyanarain Rengarajan,2016,M
809,Zhenyu Gao,2016,M
810,GÃ_lserim Ã–zcan,2016,F
811,Tanju Yorulmazer,2016,M
812,SÃ¶ren Radde,2016,M
813,Klavdia Zemlianova,2016,F
814,Binying Liu,2016,M
815,Taggert Brooks,2016,M
816,Mizuki Komura,2016,F
817,Simon CornÃ©e,2016,M
818,Jinlan Ni,2016,F
819,Nicolas Robert Ziebarth,2016,M
820,H. Edward Freck III,2016,M
821,Ivan Moscati,2016,M
822,Yeon-Koo Che,2016,M
823,Bedassa Tadasse,2016,M
824,Bichaka Fayissa,2016,M
825,Deepankar Basu,2016,M
826,Sucharita Sinha Mukerjee,2016,F
827,Wolfram Elsner,2016,M
828,Amitrajeet A. Batabyal,2016,M
829,Rukmani Gounder,2016,F
830,Li-An Zhou,2016,M
831,Ivan Paya,2016,M
832,Harro Maas,2016,M
833,Wieland MÃ_ller,2016,M
834,Darshak Patel,2016,M
835,Xiaoyong Zheng,2016,M
836,Jura Liaukonyte,2016,F
837,Jubo Yan,2016,M
838,Maxim Boycko,2016,M
839,Marno Verbeek,2016,M
840,Zarek Brot-Goldberg,2016,M
841,Guoying Deng,2016,
842,Hengchen Dai,2016,F
843,Zohal Hessami,2016,F
844,Jaakko MerilÃ_inen,2016,M
845,Luis Fonseca,2016,M
846,Loriano Mancini,2016,M
847,Zhonghua Wu,2016,M
848,J. Tyler Leverty,2016,M
849,Thouraya Triki,2016,F
850,Parantap Basu,2016,M
851,Thien Le,2016,M
852,Kasahun Woldemariam,2016,M
853,In-Koo Cho,2016,M
854,Matias Vernengo,2016,M
855,SÃ©bastien Pouget,2016,M
856,Ariell Reshef,2016,M
857,CathÃ©rine Koch,2016,F
858,Qizhou Xiong,2016,M
859,Nabanita Datta Gupta,2016,F
860,Congyi Zhou,2016,M
861,Cesar Hidalgo,2016,M
862,Battista Severgnini,2016,M
863,Zouheir El-sahli,2016,M
864,Dongyan Ye,2016,M
865,Qinghai Wang,2016,M
866,M. Shahid Ebrahim,2016,M
867,Gangzhi Fan,2016,M
868,Jidong Zhou,2016,M
869,Julia R. Henly,2016,F
870,Moamen Gouda,2016,M
871,Jamein P. Cunningham,2016,M
872,Suyoun Han,2016,F
873,Lubomir Cingl,2016,M
874,Meguy Kuete,2016,M
875,Arnoud Boot,2016,M
876,Jinqiang Yang,2016,M
877,Shing-yang Hu,2016,M
878,Nobuhiko Fuwa,2016,M
879,Xiaochuan Xing,2016,M
880,Tiemen Woutersen,2016,M
881,Hening Liu,2016,M
882,Yoosoon Chang,2016,F
883,BjÃ¶rn Imbierowicz,2016,M
884,Bity Diene,2016,
885,Misak Avetisyan,2016,M
886,Shakeeb Khan,2016,M
887,Diana Greenwald,2016,F
888,Junjian Yi,2016,M
889,Luis IvÃ¡n Alfaro,2016,M
890,Joseba Martinez,2016,M
891,Andres Fernandez,2016,M
892,Andres Elberg,2016,M
893,Xuhui (Nick) Pan,2016,M
894,Jungsuk Han,2016,M
895,Shaojun Zhang,2016,F
896,Maxim Mironov,2016,M
897,EvÅ_en KoÄçenda,2016,
898,Nabamita Dutta,2016,F
899,Rocio Titiunik,2016,F
900,Yaoyi Xi,2018,M
901,Fangfang Du,2018,F
902,In Ji Jang,2018,F
903,Esben Christensen,2018,M
904,Shantaram Hegde,2018,M
905,Arup Ganguly,2018,M
906,Gilna Samuel,2018,F
907,Youngmin Choi,2018,M
908,Ruchith Dissanayake,2018,M
909,Pengfei Liu,2018,M
910,Julia Schmieder,2018,F
911,Osea Giuntella,2018,M
912,Shatakshee Dhongde,2018,F
913,Tetsushi Sonobe,2018,M
914,Hector Calvo-Pardo,2018,M
915,Chryssi Giannitsarou,2018,F
916,Phurichai Rungcharoenkitkul,2018,M
917,Se-Jik Kim,2018,M
918,Joacim TÃ¥g,2018,M
919,Leonard Kostovetsky,2018,M
920,Fenghua Song,2018,M
921,Nagpurnanand R. Prabhala,2018,M
922,Ruihui Xu,2018,F
923,Yimin Yi,2018,M
924,Luis Locay,2018,M
925,Tuan-Hwee Sng,2018,M
926,J. Aislinn Bohren,2018,F
927,Sungoh Kwon,2018,M
928,Monica Costa Dias,2018,F
929,Graciana Rucci,2018,F
930,Vahagn Jerbashian,2018,M
931,Ozlem Onaran Prof,2018,F
932,JÃ_sef Sigurdsson,2018,M
933,Yalin Gunduz,2018,M
934,Oguzhan Ozbas,2018,M
935,Bradyn Breon-Drish,2018,M
936,Janne Engblom,2018,M
937,Tae-Hee Jo,2018,M
938,Chengchun Li,2018,M
939,Debasri Mukherjee,2018,F
940,Monica Bhole,2018,F
941,Tzu-Ting Yang,2018,M
942,Adrian Lee,2018,M
943,Leonce Ndikumana,2018,M
944,Bity Diene,2018,
945,Mortiz Schularick,2018,M
946,Simon Rottke,2018,M
947,Junbo Wang,2018,M
948,Ivan Alfaro,2018,M
949,Zhenhua Chen,2018,M
950,Sangwon Lee,2018,M
951,Zhonghua Wu,2018,M
952,Angshuman Gooptu,2018,M
953,Polona Domadenik,2018,F
954,Chuanqian Zhang,2018,M
955,Asimina Christoforou,2018,F
956,Shang-jin Wei,2018,M
957,Gregori Galofre-Vila,2018,M
958,Gisle James Natvik,2018,M
959,Monica Garcia-Perez,2018,F
960,Asit Mazumder,2018,M
961,Xingtan Zhang,2018,M
962,Andres Gonzalez,2018,M
963,Jihong Song,2018,F
964,Manja GÃ_rtner,2018,F
965,Johanna Mollerstrom,2018,F
966,Adrian Hamins-Puertolas,2018,M
967,AydoÄŸan Alti,2018,M
968,Michalis Vasios,2018,M
969,S. Sarah Zhang,2018,F
970,Sohnke Bartram,2018,M
971,Chamna Yoon,2018,M
972,Takayuni Nakahara,2018,
973,J. Dennis Chasse,2018,M
974,Mingzuo Sun,2018,M
975,Yeon-Koo Che,2018,M
976,Fuhito Kojima,2018,M
977,Yuqing Zhou,2018,F
978,Diery Seck,2018,M
979,Oladele Omosegbon,2018,M
980,Savvina Chowdhury,2018,F
981,Kijong Kim,2018,M
982,Bichaka Fayissa,2018,M
983,Stephan J. Goetz,2018,M
984,Songman Kang,2018,M
985,Giannina Vaccaro,2018,F
986,Mogens Fosgerau,2018,M
987,Eckhard Janeba,2018,M
988,Metodij Hadzi-Vaskov,2018,M
989,Jongrim Ha,2018,M
990,GÃ_nter Strobl,2018,M
991,Xinjie Wang,2018,M
992,Vojislav Maksimovic,2018,M
993,Reinhard Ellwanger,2018,M
994,Sokbae Lee,2018,M
995,Aselia Urmanbetova,2018,F
996,Gori Olusina-Daniel,2018,M
997,Raul Caruso,2018,M
998,M. Mostak Ahamed,2018,M
999,Saktinil Roy,2018,M
1000,Suqin Ge,2018,F
1001,Zhaoyue Teng,2018,
1002,Jipeng Zhang,2018,M
1003,Belton M. Fleisher,2018,M
1004,Deming Wu,2018,M
1005,Doh-Shin Jeon,2018,M
1006,Moamen Gouda,2018,M
1007,W. Grimme,2018,M
1008,S. Maioli,2018,F
1009,Anming Zhang,2018,M
1010,Marieta V. Velikova,2018,F
1011,SreÄçko Zimic,2018,M
1012,Jakina Debnam,2018,F
1013,Carycruz M. Bueno,2018,F
1014,Jiafu An,2018,M
1015,Wenxuan Hou,2018,M
1016,Ayse Kabukcuoglu,2018,F
1017,Siavesh Radpour,2018,M
1018,Mariassunta Giannetti,2018,F
1019,Sheng-Jun Xu,2018,M
1020,Yingdi Wang,2018,F
1021,Huaizhi Chen,2018,M
1022,Hong Zhang,2018,M
1023,Leonce Bargeron,2018,M
1024,Atonu Rabbani,2018,M
1025,Charalampos Konstantinidis,2018,M
1026,MatÃ_as Vernengo,2018,M
1027,Xuening Wang,2018,F
1028,M. Melinda Pitts,2018,F
1029,D. Sebastian Tello-Trillo,2018,M
1030,Jamein P. Cunningham,2018,M
1031,Guodong Chen,2018,M
1032,Minjoon Lee,2018,M
1033,Tong-yob Nam,2018,M
1034,Johanna Fajardo-Gonzalez,2018,F
1035,Siegwart Lindenberg,2018,M
1036,JÃ¶rgen Weibull,2018,M
1037,Gujun He,2018,
1038,Zhiyao Chen,2018,M
1039,Hongda Zhong,2018,M
1040,Xiaoguang Yang,2018,M
1041,Ritam Chaurey,2018,M
1042,Dasol Kim,2018,M
1043,Chongyu Wang,2018,M
1044,Novica Supic,2018,M
1045,Balbinder Singh Gill,2018,M
1046,Eun-young Shim,2018,F
1047,Engy Ziedan,2018,F
1048,Kandarp Srinivasan,2018,M
1049,Nivedhitha Subramanian,2018,F
1050,Ipshita Pal,2018,F
1051,Marinella Leone,2018,F
1052,Marzie Taheri Sanjani,2018,F
1053,Muhamet Yildiz,2018,M
1054,Ruixun Zhang,2018,M
1055,Eskil Heinesen,2018,M
1056,Pinka Chatterji,2018,F
1057,Qingqing Cao,2018,F
1058,Marliese Uhrig-Homburg,2018,F
1059,Aazam Virani,2018,M
1060,Na Zhang,2018,F
1061,Berardino Palazzo,2018,M
1062,Zihuan Wang,2018,M
1063,Stephan Puhringer,2018,M
1064,Ruqu Wang,2018,M
1065,TangRen Feng,2018,M
1066,Shaowei Ke,2018,M
1067,Jingchao Li,2018,F
1068,Katsuhiko Nishiyama,2018,
1069,Tin-Chun Lin,2018,M
1070,Zarrina Jurakulova,2018,F
1071,Jingbin He,2018,
1072,Yao-Min Chiang,2018,M
1073,Szabolcs Blazsek,2018,M
1074,Bjorn Richter,2018,M
1075,Vegard HÃ¸ghaug Larsen,2018,M
1076,Haoming Chen,2018,M
1077,Carlianne Patrick,2018,F
1078,Yildiray Yildrim,2018,M
1079,Eul Noh,2018,M
1080,Baban Hasnat,2018,M
1081,Youzhi Yang,2018,M
1082,Seyed Mohammadreza Davoodalhosseini,2018,M
1083,Xiaoxia Shi,2018,F
1084,Victor Aguirregabiria,2018,M
1085,Ruitian Lang,2018,M
1086,Tanadej Vechsuruck,2018,M
1087,Qiaozhi Hu,2019,M
1088,Vasso Ioannidou,2019,F
1089,Dimuthu Ratnadiwakara,2019,M
1090,Talina Sondershaus,2019,F
1091,Tomas Fiala,2019,M
1092,RÃ_diger Weber,2019,M
1093,Xinzheng Shi,2019,M
1094,Yeqing Zhang,2019,F
1095,P. Joakim Westerholm,2019,M
1096,Jinyuan Zhang,2019,
1097,Yangming Bao,2019,F
1098,Luis Lopez,2019,M
1099,Yibin Liu,2019,F
1100,Joren KoÃ«ter,2019,M
1101,Xunhua Su,2019,M
1102,Hongsheng Zhang,2019,M
1103,Aubhik Khan,2019,M
1104,Julia Thomas,2019,F
1105,CauÃª Dobbin,2019,M
1106,Gisle Natvik,2019,M
1107,Ingolf Dittmann,2019,M
1108,Weikang Zhu,2019,M
1109,Yunan Liu,2019,M
1110,Xiaoxia Zhou,2019,F
1111,Matthijs Korevaar,2019,M
1112,Tianyang Xi,2019,M
1113,Xiumin Martin,2019,F
1114,Kandarp Srinivasan,2019,M
1115,Wenxiao Wang,2019,F
1116,Rinchan Ali Mirza,2019,M
1117,Bertille Antoine,2019,F
1118,AurÃ©lien SaÃ¯di,2019,M
1119,Hodaka Morita,2019,M
1120,Cheng-Tao Tang,2019,
1121,Guangjun Qu,2019,M
1122,Jose Galvez,2019,M
1123,Luis Ribera,2019,M
1124,Congyi Zhou,2019,M
1125,Yosub Jung,2019,M
1126,Bhargavi Sakthivel,2019,F
1127,Simon Quinn,2019,M
1128,M. Daniele Paserman,2019,M
1129,Danula Gamage,2019,M
1130,Elyas Fermand,2019,M
1131,Uta SchÃ¶nberg,2019,F
1132,Dhammika Dharmapala,2019,M
1133,Orgul Ozturk,2019,F
1134,Yijuan Chen,2019,M
1135,Kyungmin (Teddy) Kim,2019,M
1136,Zhifeng Cai,2019,M
1137,Hadiye Aslan,2019,F
1138,Lixin Huang,2019,F
1139,Yi-Tsung Lee,2019,M
1140,Lifa Huang,2019,M
1141,Xiaoqing Xu,2019,M
1142,Hongfei Tang,2019,M
1143,Nauro Campos,2019,M
1144,Hartmut Lehmann,2019,M
1145,Kseniia Gatskova,2019,F
1146,Jarko Fidrmuc,2019,M
1147,Nodir Djanibekov,2019,M
1148,Nozilakhon Mukhamedova,2019,F
1149,Asimina Christoforou,2019,F
1150,Stephan Lauermann,2019,M
1151,Xianwu Zhang,2019,M
1152,Victor Zhorin,2019,M
1153,Shimaa Hanafy,2019,F
1154,Francesina Jackson,2019,F
1155,Jiequn Han,2019,M
1156,Gergory Torrell,2019,M
1157,S Anukriti,2019,F
1158,Huw Edwards,2019,M
1159,Aslihan Gizem Korkmaz,2019,F
1160,Ayhab Saad,2019,M
1161,Kuan-Ju Chen,2019,M
1162,Efthymia Kyriakopoulou,2019,F
1163,Ivan Fernandez-Val,2019,M
1164,Javaeria Qureshi,2019,F
1165,JÃ¶rn-Steffen Pischke,2019,M
1166,Tymon SÅ‚oczyÅ„ski,2019,M
1167,Panle Barwick,2019,F
1168,Sisir Debnath,2019,M
1169,Shibiru Ayalew,2019,M
1170,Na'ama Shenhav,2019,F
1171,Nicolas Werquin,2019,M
1172,Ruoying Wang,2019,F
1173,Ferran Vendrell-Herrero,2019,M
1174,Lourenco S. Paz,2019,M
1175,Panu Poutvaara,2019,M
1176,Mariassunta Giannetti,2019,F
1177,Guanmin Liao,2019,M
1178,Vojislav Maksimovic,2019,M
1179,Harjoat Bhamra,2019,M
1180,K. Ramesh,2019,M
1181,Ivan Marinovic,2019,M
1182,Yicheng Zhu,2019,M
1183,Yildiray Yildirim,2019,M
1184,Antoon Spithoven,2019,M
1185,Simon Lapointea,2019,M
1186,Janne Tukiainen,2019,M
1187,Piruz Saboury,2019,M
1188,Emeric Henry,2019,M
1189,Miaomiao Dong,2019,F
1190,Ctirad Slavik,2019,M
1191,Joao Duarte,2019,M
1192,ozlem kina,2019,F
1193,Qiaozhu Mei,2019,M
1194,Giandomenica Becchio,2019,F
1195,Oscar Arce,2019,M
1196,Robynn Cox,2019,F
1197,JosÃ© Tessada,2019,M
1198,Zixia Sheng,2019,M
1199,Yingguang Zhang,2019,M
1200,Vesa Pursiainen,2019,M
1201,Huancheng Du,2019,M
1202,Dionissi Aliprantis,2019,M
1203,AndrÃ©s Gonzalez Gomez,2019,M
1204,Artashes Karapetyan,2019,M
1205,D. Wade Hands,2019,M
1206,Matias Busso,2019,M
1207,Naercio A. Menezes Filho,2019,M
1208,Akpan H. Ekpo,2019,M
1209,Douglason G. Omotor,2019,M
1210,Uduakobong Inam,2019,
1211,Mevlude Akbulut-Yuksel,2019,F
1212,Manoel Bittencourt,2019,M
1213,Pallab Ghosh,2019,M
1214,HervÃ© Le Bihan,2019,M
1215,Hongxun Ruan,2019,M
1216,Hongbiao Zhao,2019,M
1217,C.Y. Choi,2019,M
1218,Jose M. Fernandez,2019,M
1219,Stephan Gohmann,2019,M
1220,Kodjo Aflagah,2019,M
1221,Evzen Kocenda,2019,M
1222,Prasenjit N. Ghosh,2019,M
1223,Kose John,2019,M
1224,Jongsub Lee,2019,M
1225,Yingyao Hu,2019,M
1226,Robbee Wedow,2019,M
1227,Anming Zhang,2019,M
1228,Lingyu Kong,2019,M
1229,Lung-Fei Lee,2019,M
1230,Victor Owusu,2019,M
1231,Yabisi Wen,2019,F
1232,Areerat Kichkha,2019,F
1233,Marieta Velikova,2019,F
1234,ClÃ©mentine Van Effenterre,2019,F
1235,Tirupam Goel,2019,M
1236,Adrian Hamins-Puertolas,2019,M
1237,TamÃ¡s Fleiner,2019,M
1238,C.J. Libassi,2019,M
1239,Bocar Ba,2019,M
1240,Hyunseok Jung,2019,M
1241,Hongzhe Shan,2019,M
1242,Chenhao Tan,2019,M
1243,Huaizhi Chen,2019,M
1244,Ruidi Huang,2019,M
1245,Shiyang Huang,2019,M
1246,Cheuk Shing Leung,2019,M
1247,Tingyu Zhou,2019,F
1248,Keyang Li,2019,M
1249,Xiangyu Guo,2019,M
1250,Daxuan Zhao,2019,M
1251,Saravana Ravindran,2019,M
1252,Tae-Hee Jo,2019,M
1253,Guosong Xu,2019,M
1254,Robertas Zubrickas,2019,M
1255,Fafanyo Asiseh,2019,M
1256,Zhandos Ybrayev,2019,M
1257,Nagore Iriberri,2019,F
1258,Johanna Posch,2019,F
1259,Miguel Boucinha,2019,M
1260,Alemayehu Seyoum Taffesse,2019,M
1261,Gharad Bryan,2019,M
1262,Chenxi Lu,2019,F
1263,Goeun Choi,2019,F
1264,Ines Chaieb,2019,F
1265,Jianan Liu,2019,F
1266,Boqian Jiang,2019,M
1267,Xiaofang Dong,2019,F
1268,Qinyi Liu,2019,F
1269,Haizheng Li,2019,M
1270,Yinghua He,2019,M
1271,Simon Board,2019,M
1272,Ivan Petrella,2019,M
1273,Sudipta Basu,2019,M
1274,Joao Paulo de Souza,2019,M
1275,Zareh Asatryan,2019,M
1276,Julia Cajal-Grossi,2019,F
1277,Adrian Chadi,2019,M
1278,Iacopo Morchio,2019,M
1279,Monica Costa-Dias,2019,F
1280,Simon Franklin,2019,M
1281,Wenting Ma,2019,F
1282,Jean-David Sigaux,2019,M
1283,Simon Smith,2019,M
1284,Yingchun Liu,2019,F
1285,Xiangou Deng,2019,M
1286,Lingxiao Li,2019,F
1287,Yannan (Lily) Shen,2019,F
1288,Yiqiang Han,2019,M
1289,Lekha Chakraborty,2019,F
1290,Stijn van Weezel,2019,M
1291,Wenyu Wang,2019,M
1292,Yicheng Wang,2019,M
1293,Qingqing Cao,2019,F
1294,Renata Narita,2019,F
1295,Lorissa PagÃ¡n,2019,F
1296,ZoÃ« Cullen,2019,F
1297,Armagan Gezici,2019,F
1298,Jean-Charles Rochet,2019,M
1299,Mengjie Pan,2019,F
1300,Aureo de Paula,2019,M
1301,Alpaslan Akay,2019,M
1302,Sofoklis Goulas,2019,M
1303,Huacheng Zhang,2019,M
1304,Yaqing Xiao,2019,M
1305,Jiekun Huang,2019,M
1306,Haoyang Liu,2019,M
1307,Justinas Pelenis,2019,M
1308,Molin Zhong,2019,M